?s	?p1	?o1
<https://w3id.org/italia/lombardia/data/water-observation/72d87b5c8b36933f1542f7fb84880c83>	<http://www.w3.org/1999/02/22-rdf-syntax-ns#type>	<https://w3id.org/whow/onto/water-monitoring/WaterPhysicoChemicalParameterObservation>
<https://w3id.org/italia/lombardia/data/water-observation/72d87b5c8b36933f1542f7fb84880c83>	<http://www.w3.org/2000/01/rdf-schema#label>	"Observation for the physico-chemical parameter Fluoruri with value <250 for lake ENDINE (LAGO) - Lago di Endine_superficie - of the water basin Oglio for year 2,021"@en
<https://w3id.org/italia/lombardia/data/water-observation/72d87b5c8b36933f1542f7fb84880c83>	<http://www.w3.org/2000/01/rdf-schema#label>	"Osservazione del parametro fisico-chimico Fluoruri con valore <250 per il lago ENDINE (LAGO) - Lago di Endine_superficie - del bacino idrografico Oglio fatta nell'anno 2,021"@it
<https://w3id.org/italia/lombardia/data/water-observation/72d87b5c8b36933f1542f7fb84880c83>	<https://w3id.org/italia/onto/TI/hasTemporalCoverage>	<https://w3id.org/italia/lombardia/data/year/2%2C021>
<https://w3id.org/italia/lombardia/data/water-observation/72d87b5c8b36933f1542f7fb84880c83>	<https://w3id.org/whow/onto/water-monitoring/hasObservationSample>	<https://w3id.org/italia/lombardia/data/water-sample/9775a1ff75e7afc1dbe26ef9f1ba2e00>
<https://w3id.org/italia/lombardia/data/water-observation/72d87b5c8b36933f1542f7fb84880c83>	<https://w3id.org/whow/onto/water-monitoring/hasResult>	<https://w3id.org/italia/lombardia/data/observation-value/1f8864021143de5325527a669b15ed4f>
<https://w3id.org/italia/lombardia/data/water-observation/72d87b5c8b36933f1542f7fb84880c83>	<https://w3id.org/whow/onto/water-monitoring/hasWaterObservableProperty>	<https://w3id.org/italia/lombardia/data/observable-properties/16984-48-8>
<https://w3id.org/italia/lombardia/data/water-observation/72d87b5c8b36933f1542f7fb84880c83>	<https://w3id.org/italia/env/onto/inspire-mf/generationTime>	<https://w3id.org/italia/lombardia/data/temporal-entity/(2021-03-23)>
<https://w3id.org/italia/lombardia/data/water-observation/72d87b5c8b36933f1542f7fb84880c83>	<https://w3id.org/italia/env/onto/inspire-mf/hasFeatureOfInterest>	<https://w3id.org/italia/lombardia/data/lake-water-body/endine-lago>
<https://w3id.org/italia/lombardia/data/water-observation/72d87b5c8b36933f1542f7fb84880c83>	<https://w3id.org/whow/onto/water-monitoring/hasChemicalSubstance>	<https://w3id.org/whow/controlled-vocabulary/chemical-substances/cas-16984-48-8>
<https://w3id.org/italia/lombardia/data/water-observation/773abbb06061198a7d0d78b2ea36a2b3>	<http://www.w3.org/1999/02/22-rdf-syntax-ns#type>	<https://w3id.org/whow/onto/water-monitoring/WaterPhysicoChemicalParameterObservation>
<https://w3id.org/italia/lombardia/data/water-observation/773abbb06061198a7d0d78b2ea36a2b3>	<http://www.w3.org/2000/01/rdf-schema#label>	"Observation for the physico-chemical parameter Fluoruri with value <250 for lake ENDINE (LAGO) - Lago di Endine_fondo - of the water basin Oglio for year 2,021"@en
<https://w3id.org/italia/lombardia/data/water-observation/773abbb06061198a7d0d78b2ea36a2b3>	<http://www.w3.org/2000/01/rdf-schema#label>	"Osservazione del parametro fisico-chimico Fluoruri con valore <250 per il lago ENDINE (LAGO) - Lago di Endine_fondo - del bacino idrografico Oglio fatta nell'anno 2,021"@it
<https://w3id.org/italia/lombardia/data/water-observation/773abbb06061198a7d0d78b2ea36a2b3>	<https://w3id.org/italia/onto/TI/hasTemporalCoverage>	<https://w3id.org/italia/lombardia/data/year/2%2C021>
<https://w3id.org/italia/lombardia/data/water-observation/773abbb06061198a7d0d78b2ea36a2b3>	<https://w3id.org/whow/onto/water-monitoring/hasObservationSample>	<https://w3id.org/italia/lombardia/data/water-sample/47273e0cf1849ddf293680f4e7ce224b>
<https://w3id.org/italia/lombardia/data/water-observation/773abbb06061198a7d0d78b2ea36a2b3>	<https://w3id.org/whow/onto/water-monitoring/hasResult>	<https://w3id.org/italia/lombardia/data/observation-value/1f8864021143de5325527a669b15ed4f>
<https://w3id.org/italia/lombardia/data/water-observation/773abbb06061198a7d0d78b2ea36a2b3>	<https://w3id.org/whow/onto/water-monitoring/hasWaterObservableProperty>	<https://w3id.org/italia/lombardia/data/observable-properties/16984-48-8>
<https://w3id.org/italia/lombardia/data/water-observation/773abbb06061198a7d0d78b2ea36a2b3>	<https://w3id.org/italia/env/onto/inspire-mf/generationTime>	<https://w3id.org/italia/lombardia/data/temporal-entity/(2021-03-23)>
<https://w3id.org/italia/lombardia/data/water-observation/773abbb06061198a7d0d78b2ea36a2b3>	<https://w3id.org/italia/env/onto/inspire-mf/hasFeatureOfInterest>	<https://w3id.org/italia/lombardia/data/lake-water-body/endine-lago>
<https://w3id.org/italia/lombardia/data/water-observation/773abbb06061198a7d0d78b2ea36a2b3>	<https://w3id.org/whow/onto/water-monitoring/hasChemicalSubstance>	<https://w3id.org/whow/controlled-vocabulary/chemical-substances/cas-16984-48-8>
<https://w3id.org/italia/lombardia/data/water-observation/dbc077f4cde2e53fd6bdada76d4c63ae>	<http://www.w3.org/1999/02/22-rdf-syntax-ns#type>	<https://w3id.org/whow/onto/water-monitoring/WaterPhysicoChemicalParameterObservation>
<https://w3id.org/italia/lombardia/data/water-observation/dbc077f4cde2e53fd6bdada76d4c63ae>	<http://www.w3.org/2000/01/rdf-schema#label>	"Observation for the physico-chemical parameter Fluoruri with value <250 for lake ENDINE (LAGO) - Lago di Endine_superficie - of the water basin Oglio for year 2,021"@en
<https://w3id.org/italia/lombardia/data/water-observation/dbc077f4cde2e53fd6bdada76d4c63ae>	<http://www.w3.org/2000/01/rdf-schema#label>	"Osservazione del parametro fisico-chimico Fluoruri con valore <250 per il lago ENDINE (LAGO) - Lago di Endine_superficie - del bacino idrografico Oglio fatta nell'anno 2,021"@it
<https://w3id.org/italia/lombardia/data/water-observation/dbc077f4cde2e53fd6bdada76d4c63ae>	<https://w3id.org/italia/onto/TI/hasTemporalCoverage>	<https://w3id.org/italia/lombardia/data/year/2%2C021>
<https://w3id.org/italia/lombardia/data/water-observation/dbc077f4cde2e53fd6bdada76d4c63ae>	<https://w3id.org/whow/onto/water-monitoring/hasObservationSample>	<https://w3id.org/italia/lombardia/data/water-sample/9775a1ff75e7afc1dbe26ef9f1ba2e00>
<https://w3id.org/italia/lombardia/data/water-observation/dbc077f4cde2e53fd6bdada76d4c63ae>	<https://w3id.org/whow/onto/water-monitoring/hasResult>	<https://w3id.org/italia/lombardia/data/observation-value/1f8864021143de5325527a669b15ed4f>
<https://w3id.org/italia/lombardia/data/water-observation/dbc077f4cde2e53fd6bdada76d4c63ae>	<https://w3id.org/whow/onto/water-monitoring/hasWaterObservableProperty>	<https://w3id.org/italia/lombardia/data/observable-properties/16984-48-8>
<https://w3id.org/italia/lombardia/data/water-observation/dbc077f4cde2e53fd6bdada76d4c63ae>	<https://w3id.org/italia/env/onto/inspire-mf/generationTime>	<https://w3id.org/italia/lombardia/data/temporal-entity/(2021-04-20)>
<https://w3id.org/italia/lombardia/data/water-observation/dbc077f4cde2e53fd6bdada76d4c63ae>	<https://w3id.org/italia/env/onto/inspire-mf/hasFeatureOfInterest>	<https://w3id.org/italia/lombardia/data/lake-water-body/endine-lago>
<https://w3id.org/italia/lombardia/data/water-observation/dbc077f4cde2e53fd6bdada76d4c63ae>	<https://w3id.org/whow/onto/water-monitoring/hasChemicalSubstance>	<https://w3id.org/whow/controlled-vocabulary/chemical-substances/cas-16984-48-8>
<https://w3id.org/italia/lombardia/data/water-observation/2570b9eb02b2757a0d047741fd9d2492>	<http://www.w3.org/1999/02/22-rdf-syntax-ns#type>	<https://w3id.org/whow/onto/water-monitoring/WaterPhysicoChemicalParameterObservation>
<https://w3id.org/italia/lombardia/data/water-observation/2570b9eb02b2757a0d047741fd9d2492>	<http://www.w3.org/2000/01/rdf-schema#label>	"Observation for the physico-chemical parameter Fluoruri with value <250 for lake ENDINE (LAGO) - Lago di Endine_fondo - of the water basin Oglio for year 2,021"@en
<https://w3id.org/italia/lombardia/data/water-observation/2570b9eb02b2757a0d047741fd9d2492>	<http://www.w3.org/2000/01/rdf-schema#label>	"Osservazione del parametro fisico-chimico Fluoruri con valore <250 per il lago ENDINE (LAGO) - Lago di Endine_fondo - del bacino idrografico Oglio fatta nell'anno 2,021"@it
<https://w3id.org/italia/lombardia/data/water-observation/2570b9eb02b2757a0d047741fd9d2492>	<https://w3id.org/italia/onto/TI/hasTemporalCoverage>	<https://w3id.org/italia/lombardia/data/year/2%2C021>
<https://w3id.org/italia/lombardia/data/water-observation/2570b9eb02b2757a0d047741fd9d2492>	<https://w3id.org/whow/onto/water-monitoring/hasObservationSample>	<https://w3id.org/italia/lombardia/data/water-sample/01b70909dc94792227d782769e2c0125>
<https://w3id.org/italia/lombardia/data/water-observation/2570b9eb02b2757a0d047741fd9d2492>	<https://w3id.org/whow/onto/water-monitoring/hasResult>	<https://w3id.org/italia/lombardia/data/observation-value/1f8864021143de5325527a669b15ed4f>
<https://w3id.org/italia/lombardia/data/water-observation/2570b9eb02b2757a0d047741fd9d2492>	<https://w3id.org/whow/onto/water-monitoring/hasWaterObservableProperty>	<https://w3id.org/italia/lombardia/data/observable-properties/16984-48-8>
<https://w3id.org/italia/lombardia/data/water-observation/2570b9eb02b2757a0d047741fd9d2492>	<https://w3id.org/italia/env/onto/inspire-mf/generationTime>	<https://w3id.org/italia/lombardia/data/temporal-entity/(2021-04-20)>
<https://w3id.org/italia/lombardia/data/water-observation/2570b9eb02b2757a0d047741fd9d2492>	<https://w3id.org/italia/env/onto/inspire-mf/hasFeatureOfInterest>	<https://w3id.org/italia/lombardia/data/lake-water-body/endine-lago>
<https://w3id.org/italia/lombardia/data/water-observation/2570b9eb02b2757a0d047741fd9d2492>	<https://w3id.org/whow/onto/water-monitoring/hasChemicalSubstance>	<https://w3id.org/whow/controlled-vocabulary/chemical-substances/cas-16984-48-8>
<https://w3id.org/italia/lombardia/data/water-observation/b68430e8957e429a760fc69e7062526c>	<http://www.w3.org/1999/02/22-rdf-syntax-ns#type>	<https://w3id.org/whow/onto/water-monitoring/WaterPhysicoChemicalParameterObservation>
<https://w3id.org/italia/lombardia/data/water-observation/b68430e8957e429a760fc69e7062526c>	<http://www.w3.org/2000/01/rdf-schema#label>	"Observation for the physico-chemical parameter Fluoruri with value <250 for lake ENDINE (LAGO) - Lago di Endine_superficie - of the water basin Oglio for year 2,021"@en
<https://w3id.org/italia/lombardia/data/water-observation/b68430e8957e429a760fc69e7062526c>	<http://www.w3.org/2000/01/rdf-schema#label>	"Osservazione del parametro fisico-chimico Fluoruri con valore <250 per il lago ENDINE (LAGO) - Lago di Endine_superficie - del bacino idrografico Oglio fatta nell'anno 2,021"@it
<https://w3id.org/italia/lombardia/data/water-observation/b68430e8957e429a760fc69e7062526c>	<https://w3id.org/italia/onto/TI/hasTemporalCoverage>	<https://w3id.org/italia/lombardia/data/year/2%2C021>
<https://w3id.org/italia/lombardia/data/water-observation/b68430e8957e429a760fc69e7062526c>	<https://w3id.org/whow/onto/water-monitoring/hasObservationSample>	<https://w3id.org/italia/lombardia/data/water-sample/9775a1ff75e7afc1dbe26ef9f1ba2e00>
<https://w3id.org/italia/lombardia/data/water-observation/b68430e8957e429a760fc69e7062526c>	<https://w3id.org/whow/onto/water-monitoring/hasResult>	<https://w3id.org/italia/lombardia/data/observation-value/1f8864021143de5325527a669b15ed4f>
<https://w3id.org/italia/lombardia/data/water-observation/b68430e8957e429a760fc69e7062526c>	<https://w3id.org/whow/onto/water-monitoring/hasWaterObservableProperty>	<https://w3id.org/italia/lombardia/data/observable-properties/16984-48-8>
<https://w3id.org/italia/lombardia/data/water-observation/b68430e8957e429a760fc69e7062526c>	<https://w3id.org/italia/env/onto/inspire-mf/generationTime>	<https://w3id.org/italia/lombardia/data/temporal-entity/(2021-05-18)>
<https://w3id.org/italia/lombardia/data/water-observation/b68430e8957e429a760fc69e7062526c>	<https://w3id.org/italia/env/onto/inspire-mf/hasFeatureOfInterest>	<https://w3id.org/italia/lombardia/data/lake-water-body/endine-lago>
<https://w3id.org/italia/lombardia/data/water-observation/b68430e8957e429a760fc69e7062526c>	<https://w3id.org/whow/onto/water-monitoring/hasChemicalSubstance>	<https://w3id.org/whow/controlled-vocabulary/chemical-substances/cas-16984-48-8>
<https://w3id.org/italia/lombardia/data/water-observation/10619acd7706ad433a379e4d73512582>	<http://www.w3.org/1999/02/22-rdf-syntax-ns#type>	<https://w3id.org/whow/onto/water-monitoring/WaterPhysicoChemicalParameterObservation>
<https://w3id.org/italia/lombardia/data/water-observation/10619acd7706ad433a379e4d73512582>	<http://www.w3.org/2000/01/rdf-schema#label>	"Observation for the physico-chemical parameter Fluoruri with value <250 for lake ENDINE (LAGO) - Lago di Endine_fondo - of the water basin Oglio for year 2,021"@en
<https://w3id.org/italia/lombardia/data/water-observation/10619acd7706ad433a379e4d73512582>	<http://www.w3.org/2000/01/rdf-schema#label>	"Osservazione del parametro fisico-chimico Fluoruri con valore <250 per il lago ENDINE (LAGO) - Lago di Endine_fondo - del bacino idrografico Oglio fatta nell'anno 2,021"@it
<https://w3id.org/italia/lombardia/data/water-observation/10619acd7706ad433a379e4d73512582>	<https://w3id.org/italia/onto/TI/hasTemporalCoverage>	<https://w3id.org/italia/lombardia/data/year/2%2C021>
<https://w3id.org/italia/lombardia/data/water-observation/10619acd7706ad433a379e4d73512582>	<https://w3id.org/whow/onto/water-monitoring/hasObservationSample>	<https://w3id.org/italia/lombardia/data/water-sample/01b70909dc94792227d782769e2c0125>
<https://w3id.org/italia/lombardia/data/water-observation/10619acd7706ad433a379e4d73512582>	<https://w3id.org/whow/onto/water-monitoring/hasResult>	<https://w3id.org/italia/lombardia/data/observation-value/1f8864021143de5325527a669b15ed4f>
<https://w3id.org/italia/lombardia/data/water-observation/10619acd7706ad433a379e4d73512582>	<https://w3id.org/whow/onto/water-monitoring/hasWaterObservableProperty>	<https://w3id.org/italia/lombardia/data/observable-properties/16984-48-8>
<https://w3id.org/italia/lombardia/data/water-observation/10619acd7706ad433a379e4d73512582>	<https://w3id.org/italia/env/onto/inspire-mf/generationTime>	<https://w3id.org/italia/lombardia/data/temporal-entity/(2021-05-18)>
<https://w3id.org/italia/lombardia/data/water-observation/10619acd7706ad433a379e4d73512582>	<https://w3id.org/italia/env/onto/inspire-mf/hasFeatureOfInterest>	<https://w3id.org/italia/lombardia/data/lake-water-body/endine-lago>
<https://w3id.org/italia/lombardia/data/water-observation/10619acd7706ad433a379e4d73512582>	<https://w3id.org/whow/onto/water-monitoring/hasChemicalSubstance>	<https://w3id.org/whow/controlled-vocabulary/chemical-substances/cas-16984-48-8>
<https://w3id.org/italia/lombardia/data/water-observation/9944ce114af269e1bdeca8fe6afe33ed>	<http://www.w3.org/1999/02/22-rdf-syntax-ns#type>	<https://w3id.org/whow/onto/water-monitoring/WaterPhysicoChemicalParameterObservation>
<https://w3id.org/italia/lombardia/data/water-observation/9944ce114af269e1bdeca8fe6afe33ed>	<http://www.w3.org/2000/01/rdf-schema#label>	"Observation for the physico-chemical parameter Fluoruri with value <250 for lake ENDINE (LAGO) - Lago di Endine_superficie - of the water basin Oglio for year 2,021"@en
<https://w3id.org/italia/lombardia/data/water-observation/9944ce114af269e1bdeca8fe6afe33ed>	<http://www.w3.org/2000/01/rdf-schema#label>	"Osservazione del parametro fisico-chimico Fluoruri con valore <250 per il lago ENDINE (LAGO) - Lago di Endine_superficie - del bacino idrografico Oglio fatta nell'anno 2,021"@it
<https://w3id.org/italia/lombardia/data/water-observation/9944ce114af269e1bdeca8fe6afe33ed>	<https://w3id.org/italia/onto/TI/hasTemporalCoverage>	<https://w3id.org/italia/lombardia/data/year/2%2C021>
<https://w3id.org/italia/lombardia/data/water-observation/9944ce114af269e1bdeca8fe6afe33ed>	<https://w3id.org/whow/onto/water-monitoring/hasObservationSample>	<https://w3id.org/italia/lombardia/data/water-sample/9775a1ff75e7afc1dbe26ef9f1ba2e00>
<https://w3id.org/italia/lombardia/data/water-observation/9944ce114af269e1bdeca8fe6afe33ed>	<https://w3id.org/whow/onto/water-monitoring/hasResult>	<https://w3id.org/italia/lombardia/data/observation-value/1f8864021143de5325527a669b15ed4f>
<https://w3id.org/italia/lombardia/data/water-observation/9944ce114af269e1bdeca8fe6afe33ed>	<https://w3id.org/whow/onto/water-monitoring/hasWaterObservableProperty>	<https://w3id.org/italia/lombardia/data/observable-properties/16984-48-8>
<https://w3id.org/italia/lombardia/data/water-observation/9944ce114af269e1bdeca8fe6afe33ed>	<https://w3id.org/italia/env/onto/inspire-mf/generationTime>	<https://w3id.org/italia/lombardia/data/temporal-entity/(2021-07-20)>
<https://w3id.org/italia/lombardia/data/water-observation/9944ce114af269e1bdeca8fe6afe33ed>	<https://w3id.org/italia/env/onto/inspire-mf/hasFeatureOfInterest>	<https://w3id.org/italia/lombardia/data/lake-water-body/endine-lago>
<https://w3id.org/italia/lombardia/data/water-observation/9944ce114af269e1bdeca8fe6afe33ed>	<https://w3id.org/whow/onto/water-monitoring/hasChemicalSubstance>	<https://w3id.org/whow/controlled-vocabulary/chemical-substances/cas-16984-48-8>
<https://w3id.org/italia/lombardia/data/water-observation/85eb9309900ccecabe4fe1d5140fb5cf>	<http://www.w3.org/1999/02/22-rdf-syntax-ns#type>	<https://w3id.org/whow/onto/water-monitoring/WaterPhysicoChemicalParameterObservation>
<https://w3id.org/italia/lombardia/data/water-observation/85eb9309900ccecabe4fe1d5140fb5cf>	<http://www.w3.org/2000/01/rdf-schema#label>	"Observation for the physico-chemical parameter Fluoruri with value <250 for lake ENDINE (LAGO) - Lago di Endine_fondo - of the water basin Oglio for year 2,021"@en
<https://w3id.org/italia/lombardia/data/water-observation/85eb9309900ccecabe4fe1d5140fb5cf>	<http://www.w3.org/2000/01/rdf-schema#label>	"Osservazione del parametro fisico-chimico Fluoruri con valore <250 per il lago ENDINE (LAGO) - Lago di Endine_fondo - del bacino idrografico Oglio fatta nell'anno 2,021"@it
<https://w3id.org/italia/lombardia/data/water-observation/85eb9309900ccecabe4fe1d5140fb5cf>	<https://w3id.org/italia/onto/TI/hasTemporalCoverage>	<https://w3id.org/italia/lombardia/data/year/2%2C021>
<https://w3id.org/italia/lombardia/data/water-observation/85eb9309900ccecabe4fe1d5140fb5cf>	<https://w3id.org/whow/onto/water-monitoring/hasObservationSample>	<https://w3id.org/italia/lombardia/data/water-sample/01b70909dc94792227d782769e2c0125>
<https://w3id.org/italia/lombardia/data/water-observation/85eb9309900ccecabe4fe1d5140fb5cf>	<https://w3id.org/whow/onto/water-monitoring/hasResult>	<https://w3id.org/italia/lombardia/data/observation-value/1f8864021143de5325527a669b15ed4f>
<https://w3id.org/italia/lombardia/data/water-observation/85eb9309900ccecabe4fe1d5140fb5cf>	<https://w3id.org/whow/onto/water-monitoring/hasWaterObservableProperty>	<https://w3id.org/italia/lombardia/data/observable-properties/16984-48-8>
<https://w3id.org/italia/lombardia/data/water-observation/85eb9309900ccecabe4fe1d5140fb5cf>	<https://w3id.org/italia/env/onto/inspire-mf/generationTime>	<https://w3id.org/italia/lombardia/data/temporal-entity/(2021-07-20)>
<https://w3id.org/italia/lombardia/data/water-observation/85eb9309900ccecabe4fe1d5140fb5cf>	<https://w3id.org/italia/env/onto/inspire-mf/hasFeatureOfInterest>	<https://w3id.org/italia/lombardia/data/lake-water-body/endine-lago>
<https://w3id.org/italia/lombardia/data/water-observation/85eb9309900ccecabe4fe1d5140fb5cf>	<https://w3id.org/whow/onto/water-monitoring/hasChemicalSubstance>	<https://w3id.org/whow/controlled-vocabulary/chemical-substances/cas-16984-48-8>
<https://w3id.org/italia/lombardia/data/water-observation/d563fb4026642334306fd9d1ff77863b>	<http://www.w3.org/1999/02/22-rdf-syntax-ns#type>	<https://w3id.org/whow/onto/water-monitoring/WaterPhysicoChemicalParameterObservation>
<https://w3id.org/italia/lombardia/data/water-observation/d563fb4026642334306fd9d1ff77863b>	<http://www.w3.org/2000/01/rdf-schema#label>	"Observation for the physico-chemical parameter Fluoruri with value <250 for lake ENDINE (LAGO) - Lago di Endine_centro metalimnio - of the water basin Oglio for year 2,021"@en
<https://w3id.org/italia/lombardia/data/water-observation/d563fb4026642334306fd9d1ff77863b>	<http://www.w3.org/2000/01/rdf-schema#label>	"Osservazione del parametro fisico-chimico Fluoruri con valore <250 per il lago ENDINE (LAGO) - Lago di Endine_centro metalimnio - del bacino idrografico Oglio fatta nell'anno 2,021"@it
<https://w3id.org/italia/lombardia/data/water-observation/d563fb4026642334306fd9d1ff77863b>	<https://w3id.org/italia/onto/TI/hasTemporalCoverage>	<https://w3id.org/italia/lombardia/data/year/2%2C021>
<https://w3id.org/italia/lombardia/data/water-observation/d563fb4026642334306fd9d1ff77863b>	<https://w3id.org/whow/onto/water-monitoring/hasObservationSample>	<https://w3id.org/italia/lombardia/data/water-sample/9d87909fc19443d17652425614730e0e>
<https://w3id.org/italia/lombardia/data/water-observation/d563fb4026642334306fd9d1ff77863b>	<https://w3id.org/whow/onto/water-monitoring/hasResult>	<https://w3id.org/italia/lombardia/data/observation-value/1f8864021143de5325527a669b15ed4f>
<https://w3id.org/italia/lombardia/data/water-observation/d563fb4026642334306fd9d1ff77863b>	<https://w3id.org/whow/onto/water-monitoring/hasWaterObservableProperty>	<https://w3id.org/italia/lombardia/data/observable-properties/16984-48-8>
<https://w3id.org/italia/lombardia/data/water-observation/d563fb4026642334306fd9d1ff77863b>	<https://w3id.org/italia/env/onto/inspire-mf/generationTime>	<https://w3id.org/italia/lombardia/data/temporal-entity/(2021-07-20)>
<https://w3id.org/italia/lombardia/data/water-observation/d563fb4026642334306fd9d1ff77863b>	<https://w3id.org/italia/env/onto/inspire-mf/hasFeatureOfInterest>	<https://w3id.org/italia/lombardia/data/lake-water-body/endine-lago>
<https://w3id.org/italia/lombardia/data/water-observation/d563fb4026642334306fd9d1ff77863b>	<https://w3id.org/whow/onto/water-monitoring/hasChemicalSubstance>	<https://w3id.org/whow/controlled-vocabulary/chemical-substances/cas-16984-48-8>
<https://w3id.org/italia/lombardia/data/water-observation/f68639d87297cf0151c69dfe6b98afc9>	<http://www.w3.org/1999/02/22-rdf-syntax-ns#type>	<https://w3id.org/whow/onto/water-monitoring/WaterPhysicoChemicalParameterObservation>
<https://w3id.org/italia/lombardia/data/water-observation/f68639d87297cf0151c69dfe6b98afc9>	<http://www.w3.org/2000/01/rdf-schema#label>	"Observation for the physico-chemical parameter Fluoruri with value <250 for lake ENDINE (LAGO) - Lago di Endine_superficie - of the water basin Oglio for year 2,021"@en
<https://w3id.org/italia/lombardia/data/water-observation/f68639d87297cf0151c69dfe6b98afc9>	<http://www.w3.org/2000/01/rdf-schema#label>	"Osservazione del parametro fisico-chimico Fluoruri con valore <250 per il lago ENDINE (LAGO) - Lago di Endine_superficie - del bacino idrografico Oglio fatta nell'anno 2,021"@it
<https://w3id.org/italia/lombardia/data/water-observation/f68639d87297cf0151c69dfe6b98afc9>	<https://w3id.org/italia/onto/TI/hasTemporalCoverage>	<https://w3id.org/italia/lombardia/data/year/2%2C021>
<https://w3id.org/italia/lombardia/data/water-observation/f68639d87297cf0151c69dfe6b98afc9>	<https://w3id.org/whow/onto/water-monitoring/hasObservationSample>	<https://w3id.org/italia/lombardia/data/water-sample/9775a1ff75e7afc1dbe26ef9f1ba2e00>
<https://w3id.org/italia/lombardia/data/water-observation/f68639d87297cf0151c69dfe6b98afc9>	<https://w3id.org/whow/onto/water-monitoring/hasResult>	<https://w3id.org/italia/lombardia/data/observation-value/1f8864021143de5325527a669b15ed4f>
<https://w3id.org/italia/lombardia/data/water-observation/f68639d87297cf0151c69dfe6b98afc9>	<https://w3id.org/whow/onto/water-monitoring/hasWaterObservableProperty>	<https://w3id.org/italia/lombardia/data/observable-properties/16984-48-8>
<https://w3id.org/italia/lombardia/data/water-observation/f68639d87297cf0151c69dfe6b98afc9>	<https://w3id.org/italia/env/onto/inspire-mf/generationTime>	<https://w3id.org/italia/lombardia/data/temporal-entity/(2021-09-20)>
<https://w3id.org/italia/lombardia/data/water-observation/f68639d87297cf0151c69dfe6b98afc9>	<https://w3id.org/italia/env/onto/inspire-mf/hasFeatureOfInterest>	<https://w3id.org/italia/lombardia/data/lake-water-body/endine-lago>
<https://w3id.org/italia/lombardia/data/water-observation/f68639d87297cf0151c69dfe6b98afc9>	<https://w3id.org/whow/onto/water-monitoring/hasChemicalSubstance>	<https://w3id.org/whow/controlled-vocabulary/chemical-substances/cas-16984-48-8>
<https://w3id.org/italia/lombardia/data/water-observation/5cccd36435a9be858614aa4d6c28c58a>	<http://www.w3.org/1999/02/22-rdf-syntax-ns#type>	<https://w3id.org/whow/onto/water-monitoring/WaterPhysicoChemicalParameterObservation>
<https://w3id.org/italia/lombardia/data/water-observation/5cccd36435a9be858614aa4d6c28c58a>	<http://www.w3.org/2000/01/rdf-schema#label>	"Observation for the physico-chemical parameter Fluoruri with value <250 for lake ENDINE (LAGO) - Lago di Endine_fondo - of the water basin Oglio for year 2,021"@en
<https://w3id.org/italia/lombardia/data/water-observation/5cccd36435a9be858614aa4d6c28c58a>	<http://www.w3.org/2000/01/rdf-schema#label>	"Osservazione del parametro fisico-chimico Fluoruri con valore <250 per il lago ENDINE (LAGO) - Lago di Endine_fondo - del bacino idrografico Oglio fatta nell'anno 2,021"@it
<https://w3id.org/italia/lombardia/data/water-observation/5cccd36435a9be858614aa4d6c28c58a>	<https://w3id.org/italia/onto/TI/hasTemporalCoverage>	<https://w3id.org/italia/lombardia/data/year/2%2C021>
<https://w3id.org/italia/lombardia/data/water-observation/5cccd36435a9be858614aa4d6c28c58a>	<https://w3id.org/whow/onto/water-monitoring/hasObservationSample>	<https://w3id.org/italia/lombardia/data/water-sample/01b70909dc94792227d782769e2c0125>
<https://w3id.org/italia/lombardia/data/water-observation/5cccd36435a9be858614aa4d6c28c58a>	<https://w3id.org/whow/onto/water-monitoring/hasResult>	<https://w3id.org/italia/lombardia/data/observation-value/1f8864021143de5325527a669b15ed4f>
<https://w3id.org/italia/lombardia/data/water-observation/5cccd36435a9be858614aa4d6c28c58a>	<https://w3id.org/whow/onto/water-monitoring/hasWaterObservableProperty>	<https://w3id.org/italia/lombardia/data/observable-properties/16984-48-8>
<https://w3id.org/italia/lombardia/data/water-observation/5cccd36435a9be858614aa4d6c28c58a>	<https://w3id.org/italia/env/onto/inspire-mf/generationTime>	<https://w3id.org/italia/lombardia/data/temporal-entity/(2021-09-20)>
<https://w3id.org/italia/lombardia/data/water-observation/5cccd36435a9be858614aa4d6c28c58a>	<https://w3id.org/italia/env/onto/inspire-mf/hasFeatureOfInterest>	<https://w3id.org/italia/lombardia/data/lake-water-body/endine-lago>
<https://w3id.org/italia/lombardia/data/water-observation/5cccd36435a9be858614aa4d6c28c58a>	<https://w3id.org/whow/onto/water-monitoring/hasChemicalSubstance>	<https://w3id.org/whow/controlled-vocabulary/chemical-substances/cas-16984-48-8>
<https://w3id.org/italia/lombardia/data/water-observation/ceb7b66abb18675666bda2c736ff510b>	<http://www.w3.org/1999/02/22-rdf-syntax-ns#type>	<https://w3id.org/whow/onto/water-monitoring/WaterPhysicoChemicalParameterObservation>
<https://w3id.org/italia/lombardia/data/water-observation/ceb7b66abb18675666bda2c736ff510b>	<http://www.w3.org/2000/01/rdf-schema#label>	"Observation for the physico-chemical parameter Fluoruri with value <250 for lake ENDINE (LAGO) - Lago di Endine_centro metalimnio - of the water basin Oglio for year 2,021"@en
<https://w3id.org/italia/lombardia/data/water-observation/ceb7b66abb18675666bda2c736ff510b>	<http://www.w3.org/2000/01/rdf-schema#label>	"Osservazione del parametro fisico-chimico Fluoruri con valore <250 per il lago ENDINE (LAGO) - Lago di Endine_centro metalimnio - del bacino idrografico Oglio fatta nell'anno 2,021"@it
<https://w3id.org/italia/lombardia/data/water-observation/ceb7b66abb18675666bda2c736ff510b>	<https://w3id.org/italia/onto/TI/hasTemporalCoverage>	<https://w3id.org/italia/lombardia/data/year/2%2C021>
<https://w3id.org/italia/lombardia/data/water-observation/ceb7b66abb18675666bda2c736ff510b>	<https://w3id.org/whow/onto/water-monitoring/hasObservationSample>	<https://w3id.org/italia/lombardia/data/water-sample/890558d97faed696949b4d1af51d399b>
<https://w3id.org/italia/lombardia/data/water-observation/ceb7b66abb18675666bda2c736ff510b>	<https://w3id.org/whow/onto/water-monitoring/hasResult>	<https://w3id.org/italia/lombardia/data/observation-value/1f8864021143de5325527a669b15ed4f>
<https://w3id.org/italia/lombardia/data/water-observation/ceb7b66abb18675666bda2c736ff510b>	<https://w3id.org/whow/onto/water-monitoring/hasWaterObservableProperty>	<https://w3id.org/italia/lombardia/data/observable-properties/16984-48-8>
<https://w3id.org/italia/lombardia/data/water-observation/ceb7b66abb18675666bda2c736ff510b>	<https://w3id.org/italia/env/onto/inspire-mf/generationTime>	<https://w3id.org/italia/lombardia/data/temporal-entity/(2021-09-20)>
<https://w3id.org/italia/lombardia/data/water-observation/ceb7b66abb18675666bda2c736ff510b>	<https://w3id.org/italia/env/onto/inspire-mf/hasFeatureOfInterest>	<https://w3id.org/italia/lombardia/data/lake-water-body/endine-lago>
<https://w3id.org/italia/lombardia/data/water-observation/ceb7b66abb18675666bda2c736ff510b>	<https://w3id.org/whow/onto/water-monitoring/hasChemicalSubstance>	<https://w3id.org/whow/controlled-vocabulary/chemical-substances/cas-16984-48-8>
<https://w3id.org/italia/lombardia/data/water-observation/19c3596be223a74abfac87c4bc744abf>	<http://www.w3.org/1999/02/22-rdf-syntax-ns#type>	<https://w3id.org/whow/onto/water-monitoring/WaterPhysicoChemicalParameterObservation>
<https://w3id.org/italia/lombardia/data/water-observation/19c3596be223a74abfac87c4bc744abf>	<http://www.w3.org/2000/01/rdf-schema#label>	"Observation for the physico-chemical parameter Fluoruri with value <250 for lake ENDINE (LAGO) - Lago di Endine_superficie - of the water basin Oglio for year 2,021"@en
<https://w3id.org/italia/lombardia/data/water-observation/19c3596be223a74abfac87c4bc744abf>	<http://www.w3.org/2000/01/rdf-schema#label>	"Osservazione del parametro fisico-chimico Fluoruri con valore <250 per il lago ENDINE (LAGO) - Lago di Endine_superficie - del bacino idrografico Oglio fatta nell'anno 2,021"@it
<https://w3id.org/italia/lombardia/data/water-observation/19c3596be223a74abfac87c4bc744abf>	<https://w3id.org/italia/onto/TI/hasTemporalCoverage>	<https://w3id.org/italia/lombardia/data/year/2%2C021>
<https://w3id.org/italia/lombardia/data/water-observation/19c3596be223a74abfac87c4bc744abf>	<https://w3id.org/whow/onto/water-monitoring/hasObservationSample>	<https://w3id.org/italia/lombardia/data/water-sample/9775a1ff75e7afc1dbe26ef9f1ba2e00>
<https://w3id.org/italia/lombardia/data/water-observation/19c3596be223a74abfac87c4bc744abf>	<https://w3id.org/whow/onto/water-monitoring/hasResult>	<https://w3id.org/italia/lombardia/data/observation-value/1f8864021143de5325527a669b15ed4f>
<https://w3id.org/italia/lombardia/data/water-observation/19c3596be223a74abfac87c4bc744abf>	<https://w3id.org/whow/onto/water-monitoring/hasWaterObservableProperty>	<https://w3id.org/italia/lombardia/data/observable-properties/16984-48-8>
<https://w3id.org/italia/lombardia/data/water-observation/19c3596be223a74abfac87c4bc744abf>	<https://w3id.org/italia/env/onto/inspire-mf/generationTime>	<https://w3id.org/italia/lombardia/data/temporal-entity/(2021-10-20)>
<https://w3id.org/italia/lombardia/data/water-observation/19c3596be223a74abfac87c4bc744abf>	<https://w3id.org/italia/env/onto/inspire-mf/hasFeatureOfInterest>	<https://w3id.org/italia/lombardia/data/lake-water-body/endine-lago>
<https://w3id.org/italia/lombardia/data/water-observation/19c3596be223a74abfac87c4bc744abf>	<https://w3id.org/whow/onto/water-monitoring/hasChemicalSubstance>	<https://w3id.org/whow/controlled-vocabulary/chemical-substances/cas-16984-48-8>
<https://w3id.org/italia/lombardia/data/water-observation/c36328e20057e6194b85fd7eac85dc98>	<http://www.w3.org/1999/02/22-rdf-syntax-ns#type>	<https://w3id.org/whow/onto/water-monitoring/WaterPhysicoChemicalParameterObservation>
<https://w3id.org/italia/lombardia/data/water-observation/c36328e20057e6194b85fd7eac85dc98>	<http://www.w3.org/2000/01/rdf-schema#label>	"Observation for the physico-chemical parameter Fluoruri with value <250 for lake ENDINE (LAGO) - Lago di Endine_fondo - of the water basin Oglio for year 2,021"@en
<https://w3id.org/italia/lombardia/data/water-observation/c36328e20057e6194b85fd7eac85dc98>	<http://www.w3.org/2000/01/rdf-schema#label>	"Osservazione del parametro fisico-chimico Fluoruri con valore <250 per il lago ENDINE (LAGO) - Lago di Endine_fondo - del bacino idrografico Oglio fatta nell'anno 2,021"@it
<https://w3id.org/italia/lombardia/data/water-observation/c36328e20057e6194b85fd7eac85dc98>	<https://w3id.org/italia/onto/TI/hasTemporalCoverage>	<https://w3id.org/italia/lombardia/data/year/2%2C021>
<https://w3id.org/italia/lombardia/data/water-observation/c36328e20057e6194b85fd7eac85dc98>	<https://w3id.org/whow/onto/water-monitoring/hasObservationSample>	<https://w3id.org/italia/lombardia/data/water-sample/01b70909dc94792227d782769e2c0125>
<https://w3id.org/italia/lombardia/data/water-observation/c36328e20057e6194b85fd7eac85dc98>	<https://w3id.org/whow/onto/water-monitoring/hasResult>	<https://w3id.org/italia/lombardia/data/observation-value/1f8864021143de5325527a669b15ed4f>
<https://w3id.org/italia/lombardia/data/water-observation/c36328e20057e6194b85fd7eac85dc98>	<https://w3id.org/whow/onto/water-monitoring/hasWaterObservableProperty>	<https://w3id.org/italia/lombardia/data/observable-properties/16984-48-8>
<https://w3id.org/italia/lombardia/data/water-observation/c36328e20057e6194b85fd7eac85dc98>	<https://w3id.org/italia/env/onto/inspire-mf/generationTime>	<https://w3id.org/italia/lombardia/data/temporal-entity/(2021-10-20)>
<https://w3id.org/italia/lombardia/data/water-observation/c36328e20057e6194b85fd7eac85dc98>	<https://w3id.org/italia/env/onto/inspire-mf/hasFeatureOfInterest>	<https://w3id.org/italia/lombardia/data/lake-water-body/endine-lago>
<https://w3id.org/italia/lombardia/data/water-observation/c36328e20057e6194b85fd7eac85dc98>	<https://w3id.org/whow/onto/water-monitoring/hasChemicalSubstance>	<https://w3id.org/whow/controlled-vocabulary/chemical-substances/cas-16984-48-8>
